[
  {"name":"Insite Supervised Injection Site","lat":49.28108,"lng":-123.10055,"type":"Injection Site","description":"Supervised consumption site providing health monitoring and overdose response.","hours":"24/7","phone":"604-685-7677","address":"139 E Hastings St","status":"open"},
  {"name":"Powell Street Getaway OPS","lat":49.28170,"lng":-123.09820,"type":"Injection Site","description":"Peer-run overdose prevention site.","hours":"10:00–22:00 daily","phone":"778-379-2640","address":"528 Powell St","status":"open"},
  {"name":"Overdose Prevention Society","lat":49.28133,"lng":-123.09982,"type":"Injection Site","description":"Community-led overdose prevention and peer support.","hours":"08:00–00:00 daily","phone":"604-559-8873","address":"58 E Hastings St","status":"open"},
  {"name":"Dr. Peter Centre","lat":49.28280,"lng":-123.10560,"type":"Injection Site","description":"Supervised consumption and nursing care for people living with HIV/AIDS.","hours":"Mon–Fri 09:00–17:00","phone":"604-677-6330","address":"1110 Comox St","status":"open"},
  {"name":"Lookout Harm Reduction","lat":49.28078,"lng":-123.09694,"type":"Harm Reduction","description":"Needles, naloxone, safer-use supplies and referrals.","hours":"09:00–19:00 daily","phone":"604-255-0340","address":"528 Powell St","status":"open"},
  {"name":"VCH Naloxone Distribution (Carnegie)","lat":49.28125,"lng":-123.10035,"type":"Naloxone","description":"Free naloxone kits and training.","hours":"Mon–Fri 09:00–17:00","phone":"604-665-2289","address":"401 Main St (Carnegie)","status":"open"},
  {"name":"BC Centre for Substance Use","lat":49.28250,"lng":-123.12080,"type":"Naloxone","description":"Kits, education and clinician referrals.","hours":"Mon–Fri 08:30–16:30","phone":"778-945-7619","address":"400-1045 Howe St","status":"open"},
  {"name":"Portland Hotel Society — Outreach","lat":49.28160,"lng":-123.09950,"type":"Harm Reduction","description":"Street outreach and harm reduction supports.","hours":"09:00–20:00 daily","phone":"604-683-2911","address":"713 E Hastings St","status":"open"},
  {"name":"RainCity Housing — Triage (Powell)","lat":49.28190,"lng":-123.10020,"type":"Shelter","description":"Triage shelter with supports and referrals.","hours":"08:00–19:30 daily","phone":"604-254-3700","address":"707 Powell St","status":"open"},
  {"name":"Lookout Emergency Aid","lat":49.28032,"lng":-123.09972,"type":"Shelter","description":"Emergency shelter beds and support services.","hours":"24/7 intake","phone":"604-681-4844","address":"320 Alexander St","status":"open"},
  {"name":"Covenant House Vancouver","lat":49.27820,"lng":-123.09680,"type":"Shelter","description":"Youth shelter and drop-in supports for ages 16–24.","hours":"24/7 (youth intake)","phone":"604-685-7474","address":"575 Drake St","status":"open"},
  {"name":"Atira Women's Resource Society (Drop-in)","lat":49.28310,"lng":-123.10320,"type":"Clothing","description":"Women's drop-in supports and clothing program.","hours":"Mon–Fri 10:30–13:30","phone":"604-331-1407","address":"101 E Cordova St","status":"open"},
  {"name":"Dress for Success Vancouver","lat":49.28680,"lng":-123.11150,"type":"Clothing","description":"Professional clothing and employment supports (by appointment).","hours":"Tue–Fri 09:30–16:30","phone":"604-408-7923","address":"675 W Hastings St","status":"open"},
  {"name":"Working Gear (Clothing & Gear)","lat":49.28200,"lng":-123.10100,"type":"Clothing","description":"Workwear, referrals, and job supports (by appointment).","hours":"Tue, Thu, Sat by appointment","phone":"778-877-0147","address":"520 Powell St","status":"open"},
  {"name":"Union Gospel Mission — Meals","lat":49.28090,"lng":-123.09980,"type":"Food","description":"Free hot meals and shelter referrals.","hours":"Breakfast 07:00–09:00; Lunch 12:00–14:00; Dinner 17:00–19:00","phone":"604-253-3323","address":"601 E Hastings St","status":"open"},
  {"name":"Carnegie Community Lunch","lat":49.28130,"lng":-123.10030,"type":"Food","description":"Daily community lunch program.","hours":"Mon–Fri 11:30–13:00","phone":"604-665-2289","address":"401 Main St","status":"open"},
  {"name":"First United Church — Hot Meals","lat":49.28150,"lng":-123.10060,"type":"Food","description":"Meals and support programs for community members.","hours":"Daily (check local schedule)","phone":"604-681-8365","address":"320 E Hastings St","status":"open"},
  {"name":"Evelyne Saller Centre (Drop-in)","lat":49.28190,"lng":-123.10120,"type":"Food","description":"Drop-in services with meals and showers.","hours":"Mon–Fri 09:00–17:00","phone":"604-215-4917","address":"404 Alexander St","status":"open"},
  {"name":"Ray-Cam Co-operative Centre","lat":49.27560,"lng":-123.07120,"type":"Food","description":"Community programs including meals and recreation.","hours":"Mon–Fri 09:00–21:00","phone":"604-257-6944","address":"920 E Hastings St","status":"open"},
  {"name":"Pigeon Park — Public Washroom","lat":49.28150,"lng":-123.10050,"type":"Washrooms","description":"Publicly accessible washroom in Pigeon Park area.","hours":"24/7","phone":"311","address":"Carrall & Hastings","status":"open"},
  {"name":"Carnegie Library Washrooms","lat":49.28130,"lng":-123.10030,"type":"Washrooms","description":"Library washrooms and public services.","hours":"09:00–21:00 daily","phone":"604-665-3010","address":"401 Main St","status":"open"},
  {"name":"Oppenheimer Park Washrooms","lat":49.28100,"lng":-123.09750,"type":"Washrooms","description":"Park washrooms maintained by the city.","hours":"07:00–22:00 daily","phone":"311","address":"400 Powell St","status":"open"},
  {"name":"PHS Community Services (Portland Hotel Society)","lat":49.28160,"lng":-123.09950,"type":"Harm Reduction","description":"Housing, nursing, harm reduction and outreach services.","hours":"Varies — call ahead","phone":"604-687-7483","address":"501 Powell St","status":"open"},
  {"name":"VANDU (Vancouver Area Network of Drug Users)","lat":49.28140,"lng":-123.10020,"type":"Harm Reduction","description":"Peer-led advocacy and supports; naloxone distribution.","hours":"Mon–Fri 10:00–18:00","phone":"604-683-8595","address":"380 E Hastings St","status":"open"},
  {"name":"Three Bridges Outreach","lat":49.28020,"lng":-123.10110,"type":"Mental Health","description":"Mobile mental health outreach and support for people experiencing homelessness.","hours":"Mon–Fri 09:00–17:00","phone":"604-875-5511","address":"Mobile (DTES)","status":"open"},
  {"name":"Vancouver Native Health — Primary Care","lat":49.28155,"lng":-123.10020,"type":"Urgent","description":"Primary care, mental health and addictions supports for Indigenous people.","hours":"Mon–Fri 08:30–16:30","phone":"604-254-9949","address":"449 E Hastings St","status":"open"},
  {"name":"Pender Clinic (Community Health)","lat":49.27950,"lng":-123.10350,"type":"Urgent","description":"Primary care, harm reduction services and referrals.","hours":"Mon–Fri 08:00–17:00","phone":"604-669-9181","address":"59 W Pender St","status":"open"},
  {"name":"St. Paul’s Hospital — Emergency","lat":49.28286,"lng":-123.10560,"type":"Urgent","description":"24/7 emergency hospital services.","hours":"24/7","phone":"604-682-2344","address":"1081 Burrard St","status":"open"},
  {"name":"Carnegie Outreach — Mental Health","lat":49.28120,"lng":-123.10030,"type":"Mental Health","description":"Walk-in and appointment mental health supports and referrals.","hours":"Mon–Fri 09:00–17:00","phone":"604-665-2220","address":"401 Main St","status":"open"},
  {"name":"CMHA Vancouver (Community Programs)","lat":49.27950,"lng":-123.10250,"type":"Mental Health","description":"Community mental health programming and peer support.","hours":"Mon–Fri 09:00–17:00","phone":"604-872-4902","address":"1200 E Hastings St","status":"open"},
  {"name":"Kettle Society — Rapid Response","lat":49.28195,"lng":-123.10080,"type":"Mental Health","description":"Rapid response and recovery supports for people experiencing homelessness.","hours":"Mon–Fri 09:00–17:00","phone":"604-251-5444","address":"1725 Venables St","status":"open"},
  {"name":"Carnegie Showers & Laundry","lat":49.28130,"lng":-123.10030,"type":"Washrooms","description":"Public showers, laundry and hygiene supports (Carnegie).","hours":"09:00–17:00 daily","phone":"604-665-2289","address":"401 Main St","status":"open"},
  {"name":"Drop-In Centre (WISH Drop-In)","lat":49.28100,"lng":-123.09920,"type":"Shelter","description":"Women-only drop-in with supports and referrals.","hours":"18:00–07:00 nightly","phone":"604-255-7779","address":"334 Alexander St","status":"open"},
  {"name":"Ray-Cam Co-operative Centre (Programs)","lat":49.27560,"lng":-123.07120,"type":"Food","description":"Community programs, food support, and recreation.","hours":"Mon–Fri 09:00–21:00","phone":"604-257-6944","address":"920 E Hastings St","status":"open"},
  {"name":"Downtown Eastside Women’s Centre","lat":49.28180,"lng":-123.10450,"type":"Clothing","description":"Women’s supports including clothing, hygiene and referrals.","hours":"Mon–Fri 10:00–14:00","phone":"604-681-8480","address":"302 Columbia St","status":"open"},
  {"name":"Atira Women’s Resource Society — Day Programs","lat":49.28150,"lng":-123.09950,"type":"Clothing","description":"Drop-in services, harm reduction and clothing supports.","hours":"Mon–Fri 09:00–16:00","phone":"604-331-1407","address":"101 E Cordova St","status":"open"},
  {"name":"Working Gear (Employment & Clothing)","lat":49.28190,"lng":-123.10080,"type":"Clothing","description":"Work-ready clothing and job supports (appointments).","hours":"Tue, Thu, Sat by appointment","phone":"778-877-0147","address":"520 Powell St","status":"open"},
  {"name":"Lookout Housing — Support Services","lat":49.28095,"lng":-123.10050,"type":"Shelter","description":"Housing help and transitional supports.","hours":"Mon–Fri 09:00–17:00","phone":"604-255-7026","address":"450 E Hastings St","status":"open"},
  {"name":"Dress for Success Vancouver (Employment)","lat":49.28680,"lng":-123.11150,"type":"Clothing","description":"Employment clothing and coaching (appointment).","hours":"Tue–Fri 09:30–16:30","phone":"604-408-7923","address":"675 W Hastings St","status":"open"},
  {"name":"Three Bridges Health — Mobile & Clinic","lat":49.28020,"lng":-123.10050,"type":"Urgent","description":"Mobile health team providing primary care and wound care.","hours":"Mon–Fri 09:00–17:00","phone":"604-875-5511","address":"Mobile (DTES)","status":"open"},
  {"name":"VCH Mobile Health Unit","lat":49.28120,"lng":-123.10000,"type":"Urgent","description":"Mobile primary care and vaccination clinics.","hours":"Varies — check schedule","phone":"604-675-3700","address":"Mobile (DTES)","status":"open"},
  {"name":"St. James Community Services — Food Bank","lat":49.28070,"lng":-123.10180,"type":"Food","description":"Food bank and community support programming.","hours":"Mon–Fri 10:00–15:00","phone":"604-685-8565","address":"303 E Cordova St","status":"open"},
  {"name":"Downtown Eastside Neighbourhood House","lat":49.28170,"lng":-123.09960,"type":"Food","description":"Drop-in meals, seniors supports and community programs.","hours":"Mon–Fri 09:00–17:00","phone":"604-215-2030","address":"573 E Hastings St","status":"open"},
  {"name":"BC 211 (Information & Referrals)","lat":49.28190,"lng":-123.10030,"type":"Hotline","description":"Information and referrals across BC (housing, food, crisis).","hours":"24/7","phone":"211","address":"","status":"open"},
  {"name":"Crisis Centre Vancouver (24/7)","lat":49.28190,"lng":-123.10030,"type":"Hotline","description":"24/7 crisis support and suicide prevention.","hours":"24/7","phone":"604-872-3311","address":"","status":"open"},
  {"name":"KUU-US Crisis Line (Indigenous)","lat":49.28190,"lng":-123.10030,"type":"Hotline","description":"Indigenous 24/7 helpline for crisis support.","hours":"24/7","phone":"1-800-588-8717","address":"","status":"open"},
  {"name":"Kids Help Phone (Youth)","lat":49.28180,"lng":-123.10010,"type":"Hotline","description":"24/7 national crisis line for youth.","hours":"24/7","phone":"1-800-668-6868","address":"","status":"open"},
  {"name":"Women’s Emergency Centre (WISH)","lat":49.28080,"lng":-123.09920,"type":"Shelter","description":"Women-only drop-in and crisis supports.","hours":"Evening drop-in & referral services","phone":"604-255-7779","address":"334 Alexander St","status":"open"},
  {"name":"Downtown Community Health Centre","lat":49.28190,"lng":-123.10080,"type":"Urgent","description":"Primary care, mental health and harm reduction programs.","hours":"Mon–Fri 08:30–16:30","phone":"604-675-3700","address":"569 Powell St","status":"open"},
  {"name":"Pacific Community Resources — Outreach","lat":49.28110,"lng":-123.10120,"type":"Outreach","description":"Street outreach, overdose response and referrals.","hours":"10:00–20:00 daily","phone":"604-678-1234","address":"Outreach (DTES)","status":"open"},
  {"name":"Salvation Army Harbour Light","lat":49.28010,"lng":-123.10080,"type":"Shelter","description":"Men’s shelter and recovery supports.","hours":"24/7 intake","phone":"604-681-3405","address":"119 E Cordova St","status":"open"},
  {"name":"Salvation Army Shield — Women's Shelter","lat":49.27980,"lng":-123.10120,"type":"Shelter","description":"Women’s shelter with childcare support.","hours":"24/7 intake","phone":"604-872-7705","address":"209 Carrall St","status":"open"},
  {"name":"Dress for Success — Drop-in (appointment)","lat":49.28680,"lng":-123.11150,"type":"Clothing","description":"Employment clothing and coaching.","hours":"Tue–Fri 10:00–16:00","phone":"604-408-7923","address":"675 W Hastings St","status":"open"},
  {"name":"Downtown Eastside Women’s Centre — Drop-in","lat":49.28180,"lng":-123.10450,"type":"Clothing","description":"Drop-in and community resources for women.","hours":"Mon–Fri 10:00–14:00","phone":"604-681-8480","address":"302 Columbia St","status":"open"},
  {"name":"Ray-Cam — Community Meals & Support","lat":49.27560,"lng":-123.07120,"type":"Food","description":"Community meals and recreation programs.","hours":"Mon–Fri 09:00–21:00","phone":"604-257-6944","address":"920 E Hastings St","status":"open"},
  {"name":"Community Dental — Low-cost Clinic (referrals)","lat":49.27990,"lng":-123.10310,"type":"Urgent","description":"Referral and low-cost dental services (book ahead).","hours":"Mon–Fri 08:30–16:00","phone":"604-555-1212","address":"Clinic (DTES)","status":"open"},
  {"name":"Vancouver Recovery Club","lat":49.27620,"lng":-123.10450,"type":"Mental Health","description":"Peer support, meetings, and recovery resources.","hours":"09:00–21:00","phone":"604-874-8244","address":"1212 W Broadway","status":"open"},
  {"name":"Pigeon Park Outreach — Hygiene & Bedding","lat":49.28150,"lng":-123.10050,"type":"Outreach","description":"Hygiene kits, blankets and referrals (street outreach).","hours":"07:00–19:00","phone":"604-555-0000","address":"Pigeon Park area","status":"open"},
  {"name":"Community Health Van — Mobile (VCH)","lat":49.28120,"lng":-123.10000,"type":"Urgent","description":"Mobile health van providing vaccinations and basic care.","hours":"Varies — check schedule","phone":"604-675-3700","address":"Mobile (DTES)","status":"open"},
  {"name":"Safe Injection Outreach — Peer Support","lat":49.28100,"lng":-123.10040,"type":"Harm Reduction","description":"Peer-led harm reduction and overdose prevention.","hours":"09:00–21:00","phone":"604-999-2222","address":"DTES community locations","status":"open"},
  {"name":"BC Women’s Crisis Line (24/7)","lat":49.28190,"lng":-123.10030,"type":"Hotline","description":"Crisis support for women in BC.","hours":"24/7","phone":"604-875-2025","address":"","status":"open"},
  {"name":"Mental Health Support Line","lat":49.28190,"lng":-123.10030,"type":"Hotline","description":"24/7 mental health support and crisis line.","hours":"24/7","phone":"310-6789","address":"","status":"open"},
  {"name":"Naloxone Vending (select sites)","lat":49.28140,"lng":-123.10010,"type":"Naloxone","description":"Free naloxone vending in selected locations (check site signage).","hours":"Varies","phone":"N/A","address":"Various DTES locations","status":"open"},
  {"name":"Food Hamper Distribution — Community Partners","lat":49.28150,"lng":-123.10100,"type":"Food","description":"Weekly hamper distribution (check local schedule).","hours":"Varies","phone":"604-555-2222","address":"Community centres (DTES)","status":"open"},
  {"name":"St. James Community Services — Meals & Support","lat":49.28070,"lng":-123.10180,"type":"Food","description":"Meals, outreach and community programs.","hours":"Mon–Fri 10:00–15:00","phone":"604-685-8565","address":"303 E Cordova St","status":"open"},
  {"name":"Crisis Stabilization Unit (VCH)","lat":49.28220,"lng":-123.10100,"type":"Urgent","description":"Short-term crisis stabilization and referral.","hours":"24/7","phone":"604-675-3700","address":"VCH facilities (DTES)","status":"open"},
  {"name":"Family & Community Support — Referrals","lat":49.28190,"lng":-123.10040,"type":"Hotline","description":"Referrals to family and community support services.","hours":"Mon–Fri 09:00–17:00","phone":"604-211-2121","address":"","status":"open"},
  {"name":"Community Legal Clinic (Housing & Benefits)","lat":49.28130,"lng":-123.10025,"type":"Support","description":"Legal help for housing, benefits and urgent needs (by appointment).","hours":"Mon–Fri 09:00–16:00","phone":"604-555-3333","address":"Community legal centre (DTES)","status":"open"}
]
